{
    "tempHash": "00EA72F32567293C",
    "tbluHash": "0046154E0E47EC55",
    "patch": [
        {
            "SubEntityOperation": [
                "275b0cb5a51be5b3",
                {
                    "SetPropertyValue": {
                        "property_name": "m_mTransform",
                        "value": {
                            "rotation": {
                                "x": 0,
                                "y": 0,
                                "z": -90
                            },
                            "position": {
                                "x": -0.0114120002835989,
                                "y": -0.011512000113725662,
                                "z": 0.052588000893592834
                            }
                        }
                    }
                }
            ]
        },
        {
            "SubEntityOperation": [
                "275b0cb5a51be5b3",
                {
                    "SetPropertyValue": {
                        "property_name": "ConstantVector1D_07_Value",
                        "value": 50
                    }
                }
            ]
        },
        {
            "SubEntityOperation": [
                "82d36f95ba095f26",
                {
                    "SetPropertyValue": {
                        "property_name": "m_mTransform",
                        "value": {
                            "rotation": {
                                "x": 0,
                                "y": 29.999932962026193,
                                "z": 0
                            },
                            "position": {
                                "x": 0.08560899645090103,
                                "y": -9.999999747378752e-6,
                                "z": -0.18026599287986755
                            }
                        }
                    }
                }
            ]
        },
        {
            "SubEntityOperation": [
                "db81fae7150488f3",
                {
                    "SetPropertyValue": {
                        "property_name": "m_mTransform",
                        "value": {
                            "rotation": {
                                "x": -90.00000000000001,
                                "y": 90,
                                "z": 0
                            },
                            "position": {
                                "x": 0,
                                "y": 0,
                                "z": 0
                            }
                        }
                    }
                }
            ]
        },
        {
            "SubEntityOperation": [
                "fca674af903fb01d",
                {
                    "SetPropertyValue": {
                        "property_name": "m_mTransform",
                        "value": {
                            "rotation": {
                                "x": 0,
                                "y": 0,
                                "z": -90
                            },
                            "position": {
                                "x": -0.011412089690566065,
                                "y": -0.01151204016059637,
                                "z": 0.052588000893592834
                            }
                        }
                    }
                }
            ]
        },
        {
            "SubEntityOperation": [
                "fca674af903fb01d",
                {
                    "SetPropertyValue": {
                        "property_name": "ConstantVector1D_07_Value",
                        "value": 50
                    }
                }
            ]
        },
        {
            "SubEntityOperation": [
                "0de1e81f64c3db17",
                {
                    "SetPropertyValue": {
                        "property_name": "m_mTransform",
                        "value": {
                            "rotation": {
                                "x": 109.99980371034106,
                                "y": 0,
                                "z": -180
                            },
                            "position": {
                                "x": 0.009999999776482582,
                                "y": 0.06300000101327896,
                                "z": 0.03999999910593033
                            }
                        }
                    }
                }
            ]
        },
        {
            "SubEntityOperation": [
                "0de1e81f64c3db17",
                {
                    "SetPropertyValue": {
                        "property_name": "m_bCastShadows",
                        "value": true
                    }
                }
            ]
        },
        {
            "SubEntityOperation": [
                "0de1e81f64c3db17",
                {
                    "SetPropertyValue": {
                        "property_name": "m_fDiffusePower",
                        "value": 70
                    }
                }
            ]
        },
        {
            "SubEntityOperation": [
                "0de1e81f64c3db17",
                {
                    "SetPropertyValue": {
                        "property_name": "m_bEnableLightFade",
                        "value": false
                    }
                }
            ]
        },
        {
            "SubEntityOperation": [
                "0de1e81f64c3db17",
                {
                    "SetPropertyValue": {
                        "property_name": "m_fShadowFadeDistance",
                        "value": 25
                    }
                }
            ]
        },
        {
            "SubEntityOperation": [
                "0de1e81f64c3db17",
                {
                    "SetPropertyValue": {
                        "property_name": "m_fLightFadeDistance",
                        "value": 40
                    }
                }
            ]
        },
        {
            "SubEntityOperation": [
                "0de1e81f64c3db17",
                {
                    "AddProperty": [
                        "m_bVisible",
                        {
                            "type": "bool",
                            "value": true
                        }
                    ]
                }
            ]
        },
        {
            "SubEntityOperation": [
                "740cb91de71835b4",
                {
                    "SetPropertyValue": {
                        "property_name": "m_mTransform",
                        "value": {
                            "rotation": {
                                "x": 0,
                                "y": 0,
                                "z": 0
                            },
                            "position": {
                                "x": 9.999999974752427e-7,
                                "y": 0.25797298550605774,
                                "z": 0.2577250003814697
                            }
                        }
                    }
                }
            ]
        },
        {
            "SubEntityOperation": [
                "740cb91de71835b4",
                {
                    "SetPropertyValue": {
                        "property_name": "AudioVolume",
                        "value": 0
                    }
                }
            ]
        },
        {
            "SubEntityOperation": [
                "0630eb7cbb986d5e",
                {
                    "SetPropertyValue": {
                        "property_name": "DiffusePower",